method,weights,mean_score,std_score
Entropy (data-driven),"(0.000, 1.000, 0.000, 0.000)",84.884,10.672544422228675
"Expert (0.40, 0.30, 0.20, 0.10)","(0.400, 0.300, 0.200, 0.100)",95.465,3.2020731131912377
"Expert (0.30, 0.30, 0.20, 0.20)","(0.300, 0.300, 0.200, 0.200)",95.465,3.2020731131912377
"Expert (0.25, 0.25, 0.25, 0.25)","(0.250, 0.250, 0.250, 0.250)",96.22099999999999,2.6685428816324293
"Expert (0.20, 0.40, 0.20, 0.20)","(0.200, 0.400, 0.200, 0.200)",93.954,4.268843715418342
"Expert (0.20, 0.20, 0.30, 0.30)","(0.200, 0.200, 0.300, 0.300)",96.976,2.1338186947869366
